{
    "eval_accuracy": 0.8796992481203008,
    "eval_loss": 0.7296397089958191
}